{"initial_reset_timestamp": 1548783611.2085605, "timestamps": [1548783621.6067433], "episode_lengths": [298], "episode_rewards": [274.1911557111489], "episode_types": ["t"]}