{"initial_reset_timestamp": 1548132400.268827, "timestamps": [1548132417.2178438], "episode_lengths": [500], "episode_rewards": [500.0], "episode_types": ["t"]}