{"initial_reset_timestamp": 1548134918.5081158, "timestamps": [1548134935.4459052], "episode_lengths": [500], "episode_rewards": [500.0], "episode_types": ["t"]}