{"initial_reset_timestamp": 1548440103.9882233, "timestamps": [1548440116.2966213], "episode_lengths": [357], "episode_rewards": [-357.0], "episode_types": ["t"]}